{
  "regime_id": 5,
  "status": "trained_both",
  "bundle_path": "C:\\Users\\awdse\\AppData\\Roaming\\MetaQuotes\\Terminal\\D0E8209F77C8CF37AD8BF550E51FF075\\MQL5\\Experts\\PROJECT_triple_sigma\\_coord\\artifacts\\step14_validation_q1_out\\_repro\\selected_stage2\\regime_5\\prm_reg5.joblib",
  "output_order": [
    "k_sl_L",
    "k_tp_L",
    "hold_L",
    "k_sl_S",
    "k_tp_S",
    "hold_S"
  ],
  "long_head": {
    "status": "trained",
    "train_count": 661,
    "val_count": 189,
    "target_columns": [
      "k_sl_L",
      "k_tp_L",
      "hold_L"
    ],
    "fallback_reason": null,
    "sample_weight_summary": {
      "pass_row_weight": 0.25,
      "min": 1.0,
      "max": 1.0,
      "mean": 1.0,
      "pass_count": 0,
      "non_pass_count": 661
    },
    "train_metrics": {
      "count": 661,
      "raw_mae": {
        "k_sl": 0.43410425753656595,
        "k_tp": 2.048664921777154,
        "hold": 14.87959263237674
      },
      "effective_mae": {
        "k_sl": 0.43410425638827904,
        "k_tp": 2.0486649233346266,
        "hold": 14.886535552193646
      },
      "baseline_effective_mae": {
        "k_sl": 0.7239031770045385,
        "k_tp": 4.654311649016641,
        "hold": 23.714069591527988
      },
      "raw_huber": {
        "k_sl": 0.08133056173118021,
        "k_tp": 0.9035829052523419,
        "hold": 27.77853216538028
      },
      "normalized_effective_mae": {
        "k_sl": 0.07892804661605074,
        "k_tp": 0.17814477594214145,
        "hold": 0.2096695148196288
      },
      "normalized_effective_mae_mean": 0.15558077912594034,
      "baseline_normalized_effective_mae_mean": 0.29011416390204675,
      "beats_default_baseline": true,
      "k_sl_low_clip_rate": 0.0,
      "k_sl_high_clip_rate": 0.0,
      "k_tp_low_clip_rate": 0.0,
      "k_tp_high_clip_rate": 0.0,
      "hold_low_clip_rate": 0.0,
      "hold_high_clip_rate": 0.0,
      "hold_round_changed_rate": 1.0,
      "hold_boundary_rate": 0.0,
      "raw_nan_count": 0,
      "raw_inf_count": 0,
      "effective_all_finite": true
    },
    "val_metrics": {
      "count": 189,
      "raw_mae": {
        "k_sl": 0.4839660754415448,
        "k_tp": 2.8665471708280807,
        "hold": 22.404332907221374
      },
      "effective_mae": {
        "k_sl": 0.4839660733465164,
        "k_tp": 2.8665471505866478,
        "hold": 22.423280423280424
      },
      "baseline_effective_mae": {
        "k_sl": 0.7380952380952381,
        "k_tp": 3.068783068783069,
        "hold": 19.682539682539684
      },
      "raw_huber": {
        "k_sl": 0.09364959095377066,
        "k_tp": 1.3116206299146782,
        "hold": 42.80914234330386
      },
      "normalized_effective_mae": {
        "k_sl": 0.08799383151754844,
        "k_tp": 0.24926496961623024,
        "hold": 0.31582085103211865
      },
      "normalized_effective_mae_mean": 0.21769321738863245,
      "baseline_normalized_effective_mae_mean": 0.226089568200203,
      "beats_default_baseline": true,
      "k_sl_low_clip_rate": 0.0,
      "k_sl_high_clip_rate": 0.0,
      "k_tp_low_clip_rate": 0.0,
      "k_tp_high_clip_rate": 0.0,
      "hold_low_clip_rate": 0.0,
      "hold_high_clip_rate": 0.0,
      "hold_round_changed_rate": 1.0,
      "hold_boundary_rate": 0.0,
      "raw_nan_count": 0,
      "raw_inf_count": 0,
      "effective_all_finite": true
    }
  },
  "short_head": {
    "status": "trained",
    "train_count": 670,
    "val_count": 183,
    "target_columns": [
      "k_sl_S",
      "k_tp_S",
      "hold_S"
    ],
    "fallback_reason": null,
    "sample_weight_summary": {
      "pass_row_weight": 0.25,
      "min": 1.0,
      "max": 1.0,
      "mean": 1.0,
      "pass_count": 0,
      "non_pass_count": 670
    },
    "train_metrics": {
      "count": 670,
      "raw_mae": {
        "k_sl": 0.4292961429926477,
        "k_tp": 1.8220413042632637,
        "hold": 13.714218493884651
      },
      "effective_mae": {
        "k_sl": 0.4292961435531502,
        "k_tp": 1.8220413147513546,
        "hold": 13.734328358208955
      },
      "baseline_effective_mae": {
        "k_sl": 0.7231343283582089,
        "k_tp": 3.9985074626865673,
        "hold": 19.655223880597013
      },
      "raw_huber": {
        "k_sl": 0.07895839772895236,
        "k_tp": 0.7921371578448054,
        "hold": 25.47233407635874
      },
      "normalized_effective_mae": {
        "k_sl": 0.07805384428239094,
        "k_tp": 0.15843837519576995,
        "hold": 0.19344124448181627
      },
      "normalized_effective_mae_mean": 0.14331115465332572,
      "baseline_normalized_effective_mae_mean": 0.25200313635297317,
      "beats_default_baseline": true,
      "k_sl_low_clip_rate": 0.0,
      "k_sl_high_clip_rate": 0.0,
      "k_tp_low_clip_rate": 0.0,
      "k_tp_high_clip_rate": 0.0,
      "hold_low_clip_rate": 0.0,
      "hold_high_clip_rate": 0.0,
      "hold_round_changed_rate": 1.0,
      "hold_boundary_rate": 0.0,
      "raw_nan_count": 0,
      "raw_inf_count": 0,
      "effective_all_finite": true
    },
    "val_metrics": {
      "count": 183,
      "raw_mae": {
        "k_sl": 0.5825641582019151,
        "k_tp": 2.2515230091151026,
        "hold": 14.716090302583343
      },
      "effective_mae": {
        "k_sl": 0.5825641578663894,
        "k_tp": 2.2515230009464617,
        "hold": 14.726775956284152
      },
      "baseline_effective_mae": {
        "k_sl": 0.7295081967213115,
        "k_tp": 3.808743169398907,
        "hold": 18.825136612021858
      },
      "raw_huber": {
        "k_sl": 0.11777551961369376,
        "k_tp": 1.0075069309375602,
        "hold": 27.46345321190187
      },
      "normalized_effective_mae": {
        "k_sl": 0.10592075597570716,
        "k_tp": 0.1957846087779532,
        "hold": 0.20741937966597399
      },
      "normalized_effective_mae_mean": 0.16970824813987814,
      "baseline_normalized_effective_mae_mean": 0.24299189378044547,
      "beats_default_baseline": true,
      "k_sl_low_clip_rate": 0.0,
      "k_sl_high_clip_rate": 0.0,
      "k_tp_low_clip_rate": 0.0,
      "k_tp_high_clip_rate": 0.0,
      "hold_low_clip_rate": 0.0,
      "hold_high_clip_rate": 0.0,
      "hold_round_changed_rate": 1.0,
      "hold_boundary_rate": 0.0,
      "raw_nan_count": 0,
      "raw_inf_count": 0,
      "effective_all_finite": true
    }
  }
}