{
  "mean": [
    3.016179961710274e-06,
    9.046175494575623e-06,
    3.469164613911933e-05,
    0.7863705212676025,
    0.0029104200597745164,
    0.016515866033716232,
    0.048512309056796425,
    0.12941353514358644,
    0.005106558847798341,
    0.009238742135290365,
    0.23494515261859183,
    0.1269424048912997
  ],
  "std": [
    0.0007803092607738226,
    0.0013592993032816253,
    0.002711548324358803,
    0.6150328168014104,
    0.6087928655401118,
    0.5465135065012209,
    1.2225211631447808,
    2.007626637027527,
    0.12868643823079245,
    0.21811198289865613,
    0.16430067586741678,
    0.12415136125364576
  ],
  "bar_count": 94020,
  "replaced_std_indices": []
}