{
  "mean": [
    3.1417543735392035e-06,
    9.352781075146967e-06,
    3.492096720730931e-05,
    0.7851973601447695,
    0.002904540247467951,
    0.016684817866846093,
    0.04699758968368864,
    0.12546366927431124,
    0.004947114693675189,
    0.008968347287768255,
    0.23420433512585875,
    0.12139200480841418
  ],
  "std": [
    0.0008372845682172972,
    0.0014602796525476933,
    0.002916281165016845,
    0.6156214327177748,
    0.6062554942592763,
    0.5440110894596168,
    1.2131033221591263,
    1.9925992173719342,
    0.1276950865294828,
    0.217212069816668,
    0.16370809360427416,
    0.11707202831890791
  ],
  "bar_count": 70595,
  "replaced_std_indices": []
}