{
  "mean": [
    1.1418338742992028e-06,
    3.964211419297728e-06,
    1.599669666568309e-05,
    0.7830180621496017,
    0.0015024882251401576,
    0.01756320243655946,
    0.09113545022056652,
    0.2621955655982591,
    0.009593205276630273,
    0.01744131194895249,
    0.23296378581144883,
    0.033469192151814695
  ],
  "std": [
    0.0005802941093155268,
    0.0010211593117832353,
    0.002055947424707915,
    0.605284803826521,
    0.5925161520157181,
    0.5398971850248487,
    1.2024402903768892,
    2.0368507868605414,
    0.12657266219909913,
    0.2153035736174567,
    0.1624619660132326,
    0.04500117134328521
  ]
}