{
  "mean": [
    1.3812603878116343e-05,
    4.075609418282548e-05,
    0.00018887018005540169,
    0.8063154737534625,
    0.0004707360803324093,
    0.057243535706371196,
    0.18589913227146815,
    0.5928633175346261,
    0.019568329930747922,
    0.038261492867036014,
    0.22716218191135734,
    0.029757519556786703
  ],
  "std": [
    0.0005806976514614876,
    0.0010282297929894446,
    0.0018069229302309952,
    0.5953359509033912,
    0.6170900040350927,
    0.5296011714106851,
    1.126322670988003,
    1.7515770104631612,
    0.11856028140991744,
    0.19665247303696373,
    0.14427403109035902,
    0.026886868690106397
  ]
}