{
  "mean": [
    2.8264295888329696e-06,
    8.702260943879972e-06,
    3.645555977589973e-05,
    0.7821602049862311,
    0.0026722475747792207,
    0.023546717107587125,
    0.09315608741430063,
    0.2609066854714651,
    0.009805903972082423,
    0.018291183928401865,
    0.2299696352445162,
    0.03589186256955655
  ],
  "std": [
    0.0005184945602753696,
    0.0009186749041777883,
    0.0018275467835954257,
    0.6057858186816754,
    0.5953979528993826,
    0.5398655544553419,
    1.194983240522387,
    1.9976346671069154,
    0.1257877095347632,
    0.21505006923147166,
    0.1593729844113399,
    0.04599518487691561
  ],
  "bar_count": 10531,
  "replaced_std_indices": []
}