{
  "mean": [
    3.563529556954213e-06,
    1.046346414908059e-05,
    4.480366901147723e-05,
    0.7830705114414414,
    0.0050065188991731445,
    0.02530361902505245,
    0.11906833817351599,
    0.30922162556337157,
    0.012533509273108723,
    0.023320100663951623,
    0.22729965676416142,
    0.03826040361717883
  ],
  "std": [
    0.0005038148924208272,
    0.0008905663179070966,
    0.0017083475426840254,
    0.6102844907753139,
    0.5981760710092635,
    0.5386351522547762,
    1.1732721820925842,
    1.9694300231673316,
    0.12350233498480334,
    0.2104725398660915,
    0.1545992504339313,
    0.050224550424790355
  ],
  "bar_count": 8103,
  "replaced_std_indices": []
}