{
  "mean": [
    4.452902828296564e-06,
    1.3362430992283373e-05,
    5.194977538498146e-05,
    0.7864288745730361,
    0.004632151382618893,
    0.019956190236087974,
    0.06668100732969032,
    0.17273026573579903,
    0.007019053401519529,
    0.012913325970442263,
    0.23453801337389943,
    0.1177196494096101
  ],
  "std": [
    0.0008426424229809603,
    0.001467143179848323,
    0.002904477506810778,
    0.6152182057443177,
    0.608377799534191,
    0.5457433420377509,
    1.219421484124686,
    1.9983688131233985,
    0.1283601562073742,
    0.21720207234107258,
    0.16396240577525906,
    0.11942134755708347
  ]
}
