{
  "mean": [
    1.8086942148760327e-05,
    9.849020070838253e-05,
    0.00014069321133412043,
    1.144943076033058,
    0.02585315733175915,
    0.031873136646989375,
    1.71993818283353,
    1.895663966056671,
    -0.021388103872491147,
    0.036866122951593853,
    0.28140668037780403,
    0.03745066093270366
  ],
  "std": [
    0.0005492007171052545,
    0.0009688096554559529,
    0.0016852704976464121,
    1.1817010160430723,
    1.0400787114400893,
    0.6164336531677204,
    4.795668327524566,
    4.803179906766431,
    0.14166526663805606,
    0.2269237025481784,
    0.09610888985340733,
    0.03460011262725401
  ]
}